symbol,timestamp,open,high,low,close,volume,ingested_at
AAPL,2025-06-03T18:02:52.571160,161.13,166.01,159.5,162.75,1185421,2025-06-24T23:02:52.573402
AAPL,2025-06-08T22:02:52.571160,143.9,148.26,142.45,145.36,5274543,2025-06-24T23:02:52.573417
AAPL,2025-06-05T11:02:52.571160,151.53,156.13,150.0,153.06,8338501,2025-06-24T23:02:52.573429
AAPL,2025-06-21T03:02:52.571160,140.4,144.66,138.98,141.82,5104343,2025-06-24T23:02:52.573438
AAPL,2025-06-21T23:02:52.571160,146.65,151.09,145.17,148.13,3078054,2025-06-24T23:02:52.573447
AAPL,2025-06-13T00:02:52.571160,161.63,166.52,159.99,163.26,2958680,2025-06-24T23:02:52.573456
AAPL,2025-06-02T18:02:52.571160,141.82,146.11,140.38,143.25,3433360,2025-06-24T23:02:52.573470
AAPL,2025-05-31T20:02:52.571160,160.29,165.15,158.67,161.91,9233338,2025-06-24T23:02:52.573479
AAPL,2025-06-22T23:02:52.571160,144.19,148.56,142.73,145.65,7201749,2025-06-24T23:02:52.573488
AAPL,2025-06-14T22:02:52.571160,138.39,142.58,136.99,139.79,7635733,2025-06-24T23:02:52.573497
AAPL,2025-06-09T22:02:52.571160,137.39,141.56,136.0,138.78,1960660,2025-06-24T23:02:52.573509
AAPL,2025-05-28T13:02:52.571160,139.68,143.92,138.27,141.1,7821508,2025-06-24T23:02:52.573518
AAPL,2025-06-13T11:02:52.571160,137.81,141.98,136.41,139.2,6940615,2025-06-24T23:02:52.573527
AAPL,2025-06-18T17:02:52.571160,158.93,163.74,157.32,160.53,8137090,2025-06-24T23:02:52.573536
AAPL,2025-06-11T23:02:52.571160,154.51,159.19,152.95,156.07,8534804,2025-06-24T23:02:52.573544
AAPL,2025-06-05T12:02:52.571160,144.51,148.89,143.05,145.97,9929242,2025-06-24T23:02:52.573553
AAPL,2025-06-03T13:02:52.571160,159.37,164.2,157.76,160.98,8697082,2025-06-24T23:02:52.573562
AAPL,2025-06-22T15:02:52.571160,146.74,151.19,145.26,148.23,5019606,2025-06-24T23:02:52.573572
AAPL,2025-06-22T02:02:52.571160,149.14,153.66,147.63,150.65,7430812,2025-06-24T23:02:52.573580
AAPL,2025-05-30T12:02:52.571160,161.92,166.83,160.29,163.56,7293279,2025-06-24T23:02:52.573589
GOOGL,2025-06-19T12:02:52.571160,2990.05,3080.66,2959.85,3020.25,2679616,2025-06-24T23:02:52.573600
GOOGL,2025-06-18T01:02:52.571160,3021.41,3112.97,2990.9,3051.93,7712786,2025-06-24T23:02:52.573611
GOOGL,2025-06-17T13:02:52.571160,2959.28,3048.96,2929.39,2989.18,2803417,2025-06-24T23:02:52.573620
GOOGL,2025-06-17T22:02:52.571160,3023.88,3115.51,2993.34,3054.43,1843274,2025-06-24T23:02:52.573628
GOOGL,2025-06-12T14:02:52.571160,2987.24,3077.76,2957.06,3017.41,4301785,2025-06-24T23:02:52.573637
GOOGL,2025-06-02T03:02:52.571160,3004.52,3095.56,2974.17,3034.86,4591825,2025-06-24T23:02:52.573649
GOOGL,2025-06-12T15:02:52.571160,2932.26,3021.12,2902.64,2961.88,4952626,2025-06-24T23:02:52.573658
GOOGL,2025-06-11T12:02:52.571160,3048.77,3141.16,3017.97,3079.56,4508877,2025-06-24T23:02:52.573666
GOOGL,2025-06-04T05:02:52.571160,2686.13,2767.53,2659.0,2713.26,4260682,2025-06-24T23:02:52.573675
GOOGL,2025-06-08T19:02:52.571160,2841.04,2927.13,2812.34,2869.74,8829896,2025-06-24T23:02:52.573686
GOOGL,2025-06-19T01:02:52.571160,2644.79,2724.93,2618.07,2671.5,8508849,2025-06-24T23:02:52.573695
GOOGL,2025-06-18T11:02:52.571160,2757.35,2840.9,2729.49,2785.2,3649637,2025-06-24T23:02:52.573704
GOOGL,2025-06-14T07:02:52.571160,2966.58,3056.47,2936.61,2996.54,8602382,2025-06-24T23:02:52.573714
GOOGL,2025-05-27T02:02:52.571160,2530.43,2607.11,2504.87,2555.99,3850327,2025-06-24T23:02:52.573723
GOOGL,2025-06-10T21:02:52.571160,2911.37,2999.6,2881.97,2940.78,6398199,2025-06-24T23:02:52.573731
GOOGL,2025-06-01T09:02:52.571160,2714.57,2796.83,2687.15,2741.99,5041132,2025-06-24T23:02:52.573741
GOOGL,2025-06-06T06:02:52.571160,2551.61,2628.93,2525.84,2577.39,4733142,2025-06-24T23:02:52.573754
GOOGL,2025-06-19T19:02:52.571160,3006.51,3097.62,2976.15,3036.88,6131235,2025-06-24T23:02:52.573783
GOOGL,2025-05-28T05:02:52.571160,2959.33,3049.01,2929.44,2989.22,8096172,2025-06-24T23:02:52.573794
GOOGL,2025-05-27T07:02:52.571160,3005.66,3096.74,2975.3,3036.02,9656511,2025-06-24T23:02:52.573813
MSFT,2025-06-02T09:02:52.571160,306.71,316.0,303.61,309.81,6564506,2025-06-24T23:02:52.573824
MSFT,2025-06-11T07:02:52.571160,301.13,310.26,298.09,304.18,3817591,2025-06-24T23:02:52.573833
MSFT,2025-06-17T13:02:52.571160,267.44,275.55,264.74,270.15,2539729,2025-06-24T23:02:52.573842
MSFT,2025-05-31T10:02:52.571160,287.56,296.28,284.66,290.47,1496306,2025-06-24T23:02:52.573851
MSFT,2025-06-06T09:02:52.571160,301.5,310.64,298.46,304.55,4042736,2025-06-24T23:02:52.573859
MSFT,2025-06-18T05:02:52.571160,284.21,292.82,281.34,287.08,2720651,2025-06-24T23:02:52.573871
MSFT,2025-06-13T01:02:52.571160,269.73,277.9,267.0,272.45,1726388,2025-06-24T23:02:52.573884
MSFT,2025-06-03T04:02:52.571160,279.21,287.67,276.39,282.03,2075081,2025-06-24T23:02:52.573893
MSFT,2025-06-21T04:02:52.571160,321.43,331.17,318.18,324.68,9381163,2025-06-24T23:02:52.573902
MSFT,2025-06-07T18:02:52.571160,275.29,283.63,272.5,278.07,6192235,2025-06-24T23:02:52.573911
MSFT,2025-06-16T03:02:52.571160,292.65,301.52,289.7,295.61,7306832,2025-06-24T23:02:52.573919
MSFT,2025-06-10T00:02:52.571160,302.56,311.73,299.5,305.62,8350983,2025-06-24T23:02:52.573928
MSFT,2025-05-30T08:02:52.571160,280.36,288.86,277.53,283.19,5718396,2025-06-24T23:02:52.573938
MSFT,2025-05-28T20:02:52.571160,299.08,308.14,296.06,302.1,8951328,2025-06-24T23:02:52.573947
MSFT,2025-06-11T13:02:52.571160,280.81,289.32,277.98,283.65,8563599,2025-06-24T23:02:52.573955
MSFT,2025-06-09T11:02:52.571160,317.74,327.37,314.53,320.95,9609411,2025-06-24T23:02:52.573964
MSFT,2025-05-29T16:02:52.571160,319.02,328.69,315.8,322.25,7341732,2025-06-24T23:02:52.573972
MSFT,2025-06-14T14:02:52.571160,275.76,284.11,272.97,278.54,6494191,2025-06-24T23:02:52.573981
MSFT,2025-06-22T03:02:52.571160,269.21,277.37,266.49,271.93,1160320,2025-06-24T23:02:52.573989
MSFT,2025-06-09T19:02:52.571160,279.49,287.96,276.67,282.32,6105653,2025-06-24T23:02:52.573998
AMZN,2025-06-10T03:02:52.571160,3507.84,3614.14,3472.41,3543.28,5785975,2025-06-24T23:02:52.574007
AMZN,2025-05-31T17:02:52.571160,3554.33,3662.04,3518.43,3590.24,3480557,2025-06-24T23:02:52.574050
AMZN,2025-06-12T07:02:52.571160,3247.35,3345.75,3214.55,3280.15,4572452,2025-06-24T23:02:52.574061
AMZN,2025-06-22T17:02:52.571160,3165.91,3261.85,3133.94,3197.89,7351224,2025-06-24T23:02:52.574072
AMZN,2025-06-04T02:02:52.571160,3065.0,3157.88,3034.04,3095.96,4110611,2025-06-24T23:02:52.574084
AMZN,2025-06-19T19:02:52.571160,3456.9,3561.65,3421.98,3491.82,8160597,2025-06-24T23:02:52.574094
AMZN,2025-06-20T05:02:52.571160,3307.82,3408.06,3274.41,3341.23,7316532,2025-06-24T23:02:52.574103
AMZN,2025-06-17T03:02:52.571160,3332.05,3433.02,3298.39,3365.71,1530968,2025-06-24T23:02:52.574112
AMZN,2025-06-13T08:02:52.571160,3205.22,3302.34,3172.84,3237.59,6573290,2025-06-24T23:02:52.574121
AMZN,2025-06-04T17:02:52.571160,3369.32,3471.42,3335.29,3403.35,6622137,2025-06-24T23:02:52.574129
AMZN,2025-06-12T07:02:52.571160,3175.31,3271.53,3143.24,3207.38,7445808,2025-06-24T23:02:52.574138
AMZN,2025-06-12T20:02:52.571160,3168.87,3264.89,3136.86,3200.88,4936429,2025-06-24T23:02:52.574148
AMZN,2025-06-04T02:02:52.571160,3315.52,3415.99,3282.03,3349.01,2505654,2025-06-24T23:02:52.574160
AMZN,2025-06-18T15:02:52.571160,3555.45,3663.19,3519.54,3591.37,3464038,2025-06-24T23:02:52.574169
AMZN,2025-06-12T12:02:52.571160,3521.11,3627.81,3485.55,3556.68,3819366,2025-06-24T23:02:52.574178
AMZN,2025-06-20T13:02:52.571160,3390.39,3493.13,3356.15,3424.64,2894581,2025-06-24T23:02:52.574187
AMZN,2025-06-17T19:02:52.571160,3074.58,3167.75,3043.52,3105.64,7920574,2025-06-24T23:02:52.574195
AMZN,2025-06-22T06:02:52.571160,3292.87,3392.65,3259.61,3326.13,7124372,2025-06-24T23:02:52.574206
AMZN,2025-06-03T20:02:52.571160,3093.47,3187.21,3062.23,3124.72,3361877,2025-06-24T23:02:52.574218
AMZN,2025-06-03T00:02:52.571160,3404.99,3508.17,3370.6,3439.39,4388686,2025-06-24T23:02:52.574229
TSLA,2025-05-29T07:02:52.571160,750.81,773.56,743.22,758.39,1456492,2025-06-24T23:02:52.574239
TSLA,2025-05-27T07:02:52.571160,716.55,738.26,709.31,723.79,9214785,2025-06-24T23:02:52.574248
TSLA,2025-06-02T05:02:52.571160,764.17,787.33,756.45,771.89,5322181,2025-06-24T23:02:52.574256
TSLA,2025-06-22T17:02:52.571160,733.68,755.91,726.27,741.09,6726569,2025-06-24T23:02:52.574265
TSLA,2025-06-20T18:02:52.571160,850.01,875.77,841.43,858.6,3439321,2025-06-24T23:02:52.574276
TSLA,2025-05-30T09:02:52.571160,764.78,787.96,757.06,772.51,8200696,2025-06-24T23:02:52.574293
TSLA,2025-06-23T20:02:52.571160,801.12,825.4,793.03,809.21,2556515,2025-06-24T23:02:52.574344
TSLA,2025-06-19T21:02:52.571160,748.62,771.31,741.06,756.18,7535006,2025-06-24T23:02:52.574366
TSLA,2025-06-01T06:02:52.571160,720.69,742.53,713.41,727.97,1983260,2025-06-24T23:02:52.574376
TSLA,2025-06-17T04:02:52.571160,797.3,821.47,789.25,805.36,1095636,2025-06-24T23:02:52.574384
TSLA,2025-06-05T11:02:52.571160,829.92,855.07,821.54,838.3,9693529,2025-06-24T23:02:52.574393
TSLA,2025-06-01T00:02:52.571160,859.7,885.76,851.02,868.39,6058547,2025-06-24T23:02:52.574401
TSLA,2025-06-17T02:02:52.571160,719.7,741.51,712.43,726.97,4034726,2025-06-24T23:02:52.574410
TSLA,2025-05-31T08:02:52.571160,804.13,828.5,796.01,812.26,6468810,2025-06-24T23:02:52.574422
TSLA,2025-05-30T18:02:52.571160,731.82,754.0,724.43,739.21,9245920,2025-06-24T23:02:52.574431
TSLA,2025-06-18T02:02:52.571160,757.6,780.56,749.95,765.25,3169438,2025-06-24T23:02:52.574515
TSLA,2025-06-16T15:02:52.571160,732.53,754.73,725.13,739.93,4269783,2025-06-24T23:02:52.574527
TSLA,2025-06-24T23:02:52.571160,859.1,885.13,850.42,867.77,8876101,2025-06-24T23:02:52.574537
TSLA,2025-06-14T23:02:52.571160,742.27,764.76,734.77,749.77,4949749,2025-06-24T23:02:52.574551
TSLA,2025-06-02T19:02:52.571160,713.1,734.71,705.9,720.3,9920755,2025-06-24T23:02:52.574560
META,2025-06-24T14:02:52.571160,315.34,324.89,312.15,318.52,9173013,2025-06-24T23:02:52.574571
META,2025-05-27T21:02:52.571160,300.62,309.73,297.59,303.66,4650523,2025-06-24T23:02:52.574580
META,2025-05-28T00:02:52.571160,293.5,302.39,290.53,296.46,9381683,2025-06-24T23:02:52.574589
META,2025-06-10T01:02:52.571160,284.92,293.55,282.04,287.8,5114972,2025-06-24T23:02:52.574600
META,2025-06-15T23:02:52.571160,321.39,331.13,318.14,324.63,5329168,2025-06-24T23:02:52.574608
META,2025-06-12T11:02:52.571160,268.83,276.98,266.12,271.55,7439022,2025-06-24T23:02:52.574617
META,2025-06-23T11:02:52.571160,325.2,335.06,321.92,328.49,2619965,2025-06-24T23:02:52.574626
META,2025-06-20T20:02:52.571160,270.52,278.71,267.78,273.25,8044741,2025-06-24T23:02:52.574634
META,2025-06-19T07:02:52.571160,275.98,284.35,273.2,278.77,5645021,2025-06-24T23:02:52.574643
META,2025-06-04T01:02:52.571160,304.28,313.5,301.21,307.35,5900925,2025-06-24T23:02:52.574655
META,2025-05-31T11:02:52.571160,296.98,305.98,293.98,299.98,5668587,2025-06-24T23:02:52.574664
META,2025-06-09T11:02:52.571160,295.25,304.2,292.27,298.23,1272507,2025-06-24T23:02:52.574672
META,2025-06-20T02:02:52.571160,272.73,280.99,269.97,275.48,2170237,2025-06-24T23:02:52.574683
META,2025-05-29T09:02:52.571160,304.36,313.59,301.29,307.44,5319034,2025-06-24T23:02:52.574692
META,2025-06-01T01:02:52.571160,279.09,287.55,276.27,281.91,4554254,2025-06-24T23:02:52.574701
META,2025-06-06T10:02:52.571160,279.23,287.69,276.41,282.05,8685891,2025-06-24T23:02:52.574709
META,2025-06-07T17:02:52.571160,276.7,285.09,273.91,279.5,9174918,2025-06-24T23:02:52.574718
META,2025-06-02T23:02:52.571160,294.51,303.43,291.54,297.48,8226899,2025-06-24T23:02:52.574727
META,2025-06-10T00:02:52.571160,281.77,290.31,278.92,284.62,6112227,2025-06-24T23:02:52.574735
META,2025-05-27T09:02:52.571160,273.72,282.02,270.96,276.49,1407064,2025-06-24T23:02:52.574744
NVDA,2025-06-18T04:02:52.571160,215.19,221.71,213.01,217.36,2623404,2025-06-24T23:02:52.574769
NVDA,2025-05-26T04:02:52.571160,188.37,194.08,186.47,190.28,4736107,2025-06-24T23:02:52.574784
NVDA,2025-06-20T01:02:52.571160,186.11,191.75,184.23,187.99,2419864,2025-06-24T23:02:52.574801
NVDA,2025-06-03T12:02:52.571160,203.75,209.93,201.69,205.81,1580824,2025-06-24T23:02:52.574816
NVDA,2025-06-01T05:02:52.571160,210.79,217.17,208.66,212.92,4297436,2025-06-24T23:02:52.574824
NVDA,2025-06-04T01:02:52.571160,211.72,218.13,209.58,213.85,9264861,2025-06-24T23:02:52.574833
NVDA,2025-05-30T03:02:52.571160,195.2,201.12,193.23,197.18,8537927,2025-06-24T23:02:52.574842
NVDA,2025-06-16T03:02:52.571160,180.13,185.59,178.31,181.95,8441096,2025-06-24T23:02:52.574851
NVDA,2025-06-13T03:02:52.571160,178.41,183.81,176.6,180.21,9165560,2025-06-24T23:02:52.574859
NVDA,2025-06-01T08:02:52.571160,181.5,186.99,179.66,183.33,3502237,2025-06-24T23:02:52.574871
NVDA,2025-05-30T21:02:52.571160,213.69,220.17,211.53,215.85,8826118,2025-06-24T23:02:52.574880
NVDA,2025-06-15T23:02:52.571160,195.1,201.02,193.13,197.08,9348585,2025-06-24T23:02:52.574889
NVDA,2025-06-19T07:02:52.571160,189.63,195.38,187.72,191.55,8519533,2025-06-24T23:02:52.574897
NVDA,2025-05-28T03:02:52.571160,185.01,190.61,183.14,186.87,5985734,2025-06-24T23:02:52.574906
NVDA,2025-06-12T05:02:52.571160,196.11,202.06,194.13,198.09,3598988,2025-06-24T23:02:52.574914
NVDA,2025-06-13T10:02:52.571160,215.45,221.97,213.27,217.62,3122856,2025-06-24T23:02:52.574922
NVDA,2025-06-18T04:02:52.571160,185.4,191.02,183.53,187.27,6543583,2025-06-24T23:02:52.574931
NVDA,2025-05-28T06:02:52.571160,185.47,191.09,183.6,187.35,8109417,2025-06-24T23:02:52.574940
NVDA,2025-06-13T17:02:52.571160,199.92,205.98,197.9,201.94,6260670,2025-06-24T23:02:52.574950
NVDA,2025-06-11T16:02:52.571160,184.7,190.3,182.83,186.57,4709208,2025-06-24T23:02:52.574959
NFLX,2025-06-08T21:02:52.571160,456.49,470.33,451.88,461.1,3854272,2025-06-24T23:02:52.574968
NFLX,2025-06-06T12:02:52.571160,498.45,513.56,493.42,503.49,6375498,2025-06-24T23:02:52.574976
NFLX,2025-06-08T15:02:52.571160,484.29,498.97,479.4,489.18,7944274,2025-06-24T23:02:52.574987
NFLX,2025-06-05T01:02:52.571160,473.35,487.69,468.57,478.13,1143937,2025-06-24T23:02:52.574996
NFLX,2025-06-24T07:02:52.571160,528.12,544.12,522.79,533.45,6447950,2025-06-24T23:02:52.575004
NFLX,2025-05-26T23:02:52.571160,472.42,486.74,467.65,477.19,3428950,2025-06-24T23:02:52.575028
NFLX,2025-06-07T05:02:52.571160,529.55,545.59,524.2,534.89,6335640,2025-06-24T23:02:52.575038
NFLX,2025-06-19T04:02:52.571160,459.74,473.67,455.1,464.38,3751823,2025-06-24T23:02:52.575047
NFLX,2025-06-15T03:02:52.571160,470.29,484.54,465.54,475.04,7389197,2025-06-24T23:02:52.575058
NFLX,2025-06-16T23:02:52.571160,484.78,499.47,479.89,489.68,7311244,2025-06-24T23:02:52.575068
NFLX,2025-05-29T01:02:52.571160,515.28,530.9,510.08,520.49,1274103,2025-06-24T23:02:52.575077
NFLX,2025-06-06T01:02:52.571160,457.93,471.81,453.31,462.56,2788850,2025-06-24T23:02:52.575085
NFLX,2025-05-30T04:02:52.571160,480.88,495.46,476.03,485.74,2606567,2025-06-24T23:02:52.575094
NFLX,2025-06-20T10:02:52.571160,492.87,507.81,487.89,497.85,3258135,2025-06-24T23:02:52.575102
NFLX,2025-06-21T15:02:52.571160,530.86,546.94,525.5,536.22,5378234,2025-06-24T23:02:52.575111
NFLX,2025-06-16T18:02:52.571160,539.62,555.97,534.17,545.07,2496890,2025-06-24T23:02:52.575119
NFLX,2025-06-03T04:02:52.571160,532.71,548.85,527.33,538.09,6154417,2025-06-24T23:02:52.575128
NFLX,2025-06-24T00:02:52.571160,500.93,516.11,495.87,505.99,2373339,2025-06-24T23:02:52.575137
NFLX,2025-05-27T07:02:52.571160,540.04,556.41,534.59,545.5,3068544,2025-06-24T23:02:52.575145
NFLX,2025-05-26T05:02:52.571160,537.07,553.34,531.64,542.49,2406855,2025-06-24T23:02:52.575154
JPM,2025-05-26T08:02:52.571160,146.36,150.8,144.88,147.84,6870430,2025-06-24T23:02:52.575163
JPM,2025-06-24T05:02:52.571160,143.33,147.67,141.88,144.78,7813285,2025-06-24T23:02:52.575171
JPM,2025-06-05T03:02:52.571160,141.95,146.25,140.51,143.38,4075027,2025-06-24T23:02:52.575184
JPM,2025-06-16T16:02:52.571160,147.85,152.33,146.36,149.35,3973940,2025-06-24T23:02:52.575195
JPM,2025-06-07T06:02:52.571160,158.82,163.63,157.22,160.42,9240433,2025-06-24T23:02:52.575204
JPM,2025-06-18T04:02:52.571160,160.15,165.0,158.53,161.77,9695298,2025-06-24T23:02:52.575217
JPM,2025-06-12T15:02:52.571160,144.92,149.31,143.45,146.38,9550495,2025-06-24T23:02:52.575226
JPM,2025-06-12T16:02:52.571160,158.68,163.49,157.08,160.28,8130514,2025-06-24T23:02:52.575234
JPM,2025-05-31T10:02:52.571160,144.7,149.09,143.24,146.16,3013870,2025-06-24T23:02:52.575242
JPM,2025-06-04T15:02:52.571160,158.9,163.72,157.3,160.51,2688037,2025-06-24T23:02:52.575251
JPM,2025-06-13T16:02:52.571160,158.86,163.67,157.26,160.46,4735694,2025-06-24T23:02:52.575260
JPM,2025-06-06T10:02:52.571160,149.09,153.61,147.58,150.6,2688920,2025-06-24T23:02:52.575268
JPM,2025-05-26T01:02:52.571160,161.21,166.1,159.58,162.84,8609458,2025-06-24T23:02:52.575276
JPM,2025-06-17T16:02:52.571160,135.12,139.21,133.75,136.48,2792425,2025-06-24T23:02:52.575294
JPM,2025-06-17T18:02:52.571160,145.06,149.46,143.6,146.53,5470272,2025-06-24T23:02:52.575346
JPM,2025-05-29T10:02:52.571160,158.93,163.74,157.32,160.53,3444652,2025-06-24T23:02:52.575358
JPM,2025-05-27T15:02:52.571160,138.23,142.42,136.83,139.62,6663931,2025-06-24T23:02:52.575388
JPM,2025-05-26T07:02:52.571160,161.72,166.62,160.08,163.35,6633424,2025-06-24T23:02:52.575397
JPM,2025-06-18T15:02:52.571160,158.21,163.01,156.61,159.81,9765085,2025-06-24T23:02:52.575406
JPM,2025-05-27T04:02:52.571160,160.48,165.35,158.86,162.1,6202786,2025-06-24T23:02:52.575415
JNJ,2025-06-24T20:02:52.571160,167.41,172.48,165.71,169.1,1455039,2025-06-24T23:02:52.575425
JNJ,2025-06-17T10:02:52.571160,170.3,175.46,168.58,172.02,2441037,2025-06-24T23:02:52.575437
JNJ,2025-06-18T03:02:52.571160,158.29,163.09,156.69,159.89,8916998,2025-06-24T23:02:52.575447
JNJ,2025-06-16T08:02:52.571160,172.64,177.87,170.9,174.38,5000448,2025-06-24T23:02:52.575456
JNJ,2025-05-29T21:02:52.571160,171.06,176.24,169.33,172.78,7258789,2025-06-24T23:02:52.575464
JNJ,2025-06-24T03:02:52.571160,171.36,176.56,169.63,173.1,7500533,2025-06-24T23:02:52.575473
JNJ,2025-06-08T23:02:52.571160,182.22,187.74,180.38,184.06,5612624,2025-06-24T23:02:52.575482
JNJ,2025-06-24T10:02:52.571160,169.11,174.23,167.4,170.82,9464436,2025-06-24T23:02:52.575491
JNJ,2025-05-30T04:02:52.571160,184.89,190.49,183.02,186.76,2421505,2025-06-24T23:02:52.575499
JNJ,2025-06-02T18:02:52.571160,159.9,164.74,158.28,161.51,7254301,2025-06-24T23:02:52.575511
JNJ,2025-06-07T06:02:52.571160,171.28,176.47,169.55,173.01,6375241,2025-06-24T23:02:52.575519
JNJ,2025-06-07T09:02:52.571160,185.07,190.68,183.2,186.94,3901641,2025-06-24T23:02:52.575528
JNJ,2025-06-08T22:02:52.571160,184.98,190.59,183.11,186.85,4058670,2025-06-24T23:02:52.575536
JNJ,2025-06-24T20:02:52.571160,161.56,166.45,159.92,163.19,9127768,2025-06-24T23:02:52.575545
JNJ,2025-06-01T00:02:52.571160,182.09,187.6,180.25,183.92,7270904,2025-06-24T23:02:52.575554
JNJ,2025-06-21T08:02:52.571160,174.81,180.11,173.05,176.58,7391692,2025-06-24T23:02:52.575562
JNJ,2025-06-14T08:02:52.571160,182.82,188.37,180.98,184.67,1080344,2025-06-24T23:02:52.575571
JNJ,2025-06-07T14:02:52.571160,175.36,180.67,173.59,177.13,5914255,2025-06-24T23:02:52.575579
JNJ,2025-06-17T06:02:52.571160,181.84,187.35,180.01,183.68,6291251,2025-06-24T23:02:52.575587
JNJ,2025-06-13T23:02:52.571160,174.1,179.37,172.34,175.86,7607405,2025-06-24T23:02:52.575596
V,2025-05-31T15:02:52.571160,237.15,244.34,234.76,239.55,2204658,2025-06-24T23:02:52.575608
V,2025-06-20T15:02:52.571160,242.24,249.58,239.8,244.69,4343354,2025-06-24T23:02:52.575622
V,2025-05-28T12:02:52.571160,233.83,240.91,231.47,236.19,2044554,2025-06-24T23:02:52.575633
V,2025-05-26T00:02:52.571160,228.61,235.54,226.3,230.92,5000515,2025-06-24T23:02:52.575641
V,2025-05-29T14:02:52.571160,247.55,255.05,245.05,250.05,7232483,2025-06-24T23:02:52.575650
V,2025-06-09T01:02:52.571160,247.36,254.86,244.87,249.86,2636625,2025-06-24T23:02:52.575659
V,2025-06-10T06:02:52.571160,227.55,234.44,225.25,229.84,1999156,2025-06-24T23:02:52.575667
V,2025-05-26T06:02:52.571160,262.39,270.34,259.74,265.04,1115787,2025-06-24T23:02:52.575675
V,2025-06-21T19:02:52.571160,237.09,244.27,234.69,239.48,5173219,2025-06-24T23:02:52.575684
V,2025-06-06T20:02:52.571160,239.68,246.95,237.26,242.1,8731741,2025-06-24T23:02:52.575692
V,2025-06-15T09:02:52.571160,238.46,245.69,236.05,240.87,7566391,2025-06-24T23:02:52.575701
V,2025-06-14T20:02:52.571160,257.31,265.11,254.71,259.91,2268740,2025-06-24T23:02:52.575710
V,2025-06-05T06:02:52.571160,250.37,257.95,247.84,252.9,1145771,2025-06-24T23:02:52.575718
V,2025-05-30T01:02:52.571160,241.22,248.53,238.79,243.66,8433042,2025-06-24T23:02:52.575738
V,2025-05-28T22:02:52.571160,255.86,263.62,253.28,258.45,9067809,2025-06-24T23:02:52.575759
V,2025-05-27T16:02:52.571160,266.93,275.02,264.23,269.62,5035908,2025-06-24T23:02:52.575772
V,2025-06-04T19:02:52.571160,259.5,267.37,256.88,262.12,7135385,2025-06-24T23:02:52.575786
V,2025-06-21T22:02:52.571160,246.57,254.04,244.08,249.06,3729813,2025-06-24T23:02:52.575795
V,2025-06-05T14:02:52.571160,223.13,229.89,220.88,225.39,5389480,2025-06-24T23:02:52.575803
V,2025-06-02T19:02:52.571160,231.82,238.85,229.48,234.16,6691879,2025-06-24T23:02:52.575812
PG,2025-06-08T15:02:52.571160,127.32,131.18,126.03,128.61,7217780,2025-06-24T23:02:52.575826
PG,2025-06-12T03:02:52.571160,129.67,133.6,128.36,130.98,2849287,2025-06-24T23:02:52.575834
PG,2025-06-17T16:02:52.571160,143.18,147.52,141.73,144.62,7095276,2025-06-24T23:02:52.575843
PG,2025-06-03T12:02:52.571160,134.05,138.11,132.7,135.41,8602598,2025-06-24T23:02:52.575851
PG,2025-06-02T00:02:52.571160,129.31,133.23,128.01,130.62,7196505,2025-06-24T23:02:52.575860
PG,2025-06-15T11:02:52.571160,131.81,135.8,130.48,133.14,9968048,2025-06-24T23:02:52.575872
PG,2025-06-20T00:02:52.571160,152.39,157.0,150.85,153.93,3297823,2025-06-24T23:02:52.575881
PG,2025-06-17T10:02:52.571160,150.06,154.6,148.54,151.57,4569257,2025-06-24T23:02:52.575889
PG,2025-06-10T06:02:52.571160,151.58,156.17,150.04,153.11,3499536,2025-06-24T23:02:52.575898
PG,2025-06-11T21:02:52.571160,134.79,138.88,133.43,136.16,3144503,2025-06-24T23:02:52.575906
PG,2025-06-03T03:02:52.571160,142.06,146.36,140.62,143.49,2330625,2025-06-24T23:02:52.575915
PG,2025-06-03T08:02:52.571160,152.34,156.95,150.8,153.87,1921285,2025-06-24T23:02:52.575923
PG,2025-06-17T18:02:52.571160,136.51,140.65,135.13,137.89,9183598,2025-06-24T23:02:52.575932
PG,2025-06-13T22:02:52.571160,129.67,133.6,128.36,130.98,6841898,2025-06-24T23:02:52.575941
PG,2025-06-17T05:02:52.571160,133.56,137.61,132.21,134.91,5699626,2025-06-24T23:02:52.575949
PG,2025-05-26T18:02:52.571160,151.37,155.96,149.84,152.9,3109412,2025-06-24T23:02:52.575958
PG,2025-06-02T21:02:52.571160,141.6,145.89,140.17,143.03,5192532,2025-06-24T23:02:52.575966
PG,2025-06-15T01:02:52.571160,151.08,155.66,149.55,152.61,2341498,2025-06-24T23:02:52.575975
PG,2025-06-07T17:02:52.571160,150.19,154.74,148.67,151.7,8019667,2025-06-24T23:02:52.576001
PG,2025-06-04T10:02:52.571160,133.66,137.71,132.31,135.01,6516106,2025-06-24T23:02:52.576010
UNH,2025-06-20T12:02:52.571160,409.73,422.14,405.59,413.86,4521144,2025-06-24T23:02:52.576024
UNH,2025-06-11T19:02:52.571160,434.5,447.67,430.11,438.89,1256236,2025-06-24T23:02:52.576033
UNH,2025-06-24T04:02:52.571160,414.24,426.8,410.06,418.43,1568483,2025-06-24T23:02:52.576041
UNH,2025-06-13T06:02:52.571160,397.7,409.75,393.68,401.72,2887642,2025-06-24T23:02:52.576050
UNH,2025-05-27T11:02:52.571160,403.58,415.81,399.5,407.66,4212230,2025-06-24T23:02:52.576058
UNH,2025-06-01T02:02:52.571160,430.69,443.75,426.34,435.04,8177503,2025-06-24T23:02:52.576066
UNH,2025-06-13T11:02:52.571160,385.8,397.49,381.9,389.7,1431043,2025-06-24T23:02:52.576075
UNH,2025-06-19T08:02:52.571160,379.6,391.11,375.77,383.44,9772900,2025-06-24T23:02:52.576085
UNH,2025-06-23T06:02:52.571160,377.39,388.82,373.57,381.2,1196921,2025-06-24T23:02:52.576094
UNH,2025-06-12T22:02:52.571160,356.69,367.5,353.08,360.29,6317271,2025-06-24T23:02:52.576103
UNH,2025-05-30T21:02:52.571160,434.2,447.35,429.81,438.58,3716675,2025-06-24T23:02:52.576115
UNH,2025-06-09T09:02:52.571160,411.15,423.61,407.0,415.31,6705190,2025-06-24T23:02:52.576124
UNH,2025-06-15T15:02:52.571160,362.67,373.66,359.0,366.33,3650938,2025-06-24T23:02:52.576133
UNH,2025-06-24T14:02:52.571160,378.95,390.44,375.12,382.78,1117138,2025-06-24T23:02:52.576141
UNH,2025-06-17T23:02:52.571160,425.41,438.3,421.11,429.71,9882924,2025-06-24T23:02:52.576150
UNH,2025-05-30T20:02:52.571160,389.22,401.02,385.29,393.15,3212620,2025-06-24T23:02:52.576158
UNH,2025-06-10T12:02:52.571160,378.03,389.49,374.21,381.85,5655712,2025-06-24T23:02:52.576167
UNH,2025-05-27T04:02:52.571160,379.48,390.98,375.64,383.31,1637747,2025-06-24T23:02:52.576175
UNH,2025-06-11T11:02:52.571160,416.98,429.61,412.77,421.19,4726249,2025-06-24T23:02:52.576184
UNH,2025-06-07T22:02:52.571160,428.75,441.74,424.42,433.08,9995248,2025-06-24T23:02:52.576194
HD,2025-06-01T07:02:52.571160,323.56,333.37,320.3,326.83,3429625,2025-06-24T23:02:52.576203
HD,2025-06-20T01:02:52.571160,301.47,310.61,298.43,304.52,7741561,2025-06-24T23:02:52.576212
HD,2025-05-29T19:02:52.571160,307.85,317.18,304.74,310.96,8395751,2025-06-24T23:02:52.576220
HD,2025-05-30T05:02:52.571160,311.92,321.37,308.77,315.07,7308008,2025-06-24T23:02:52.576229
HD,2025-06-11T00:02:52.571160,316.22,325.8,313.03,319.42,2427833,2025-06-24T23:02:52.576239
HD,2025-06-22T22:02:52.571160,324.58,334.41,321.3,327.86,7266986,2025-06-24T23:02:52.576250
HD,2025-06-09T00:02:52.571160,298.73,307.78,295.71,301.74,7711901,2025-06-24T23:02:52.576259
HD,2025-05-27T02:02:52.571160,289.69,298.47,286.76,292.62,1567082,2025-06-24T23:02:52.576267
HD,2025-06-05T23:02:52.571160,315.6,325.16,312.41,318.78,7038636,2025-06-24T23:02:52.576284
HD,2025-06-15T05:02:52.571160,289.96,298.75,287.03,292.89,3077982,2025-06-24T23:02:52.576307
HD,2025-05-30T12:02:52.571160,276.73,285.12,273.94,279.53,8456894,2025-06-24T23:02:52.576347
HD,2025-06-05T22:02:52.571160,305.56,314.82,302.47,308.65,7682067,2025-06-24T23:02:52.576358
HD,2025-06-14T06:02:52.571160,268.41,276.54,265.7,271.12,6534824,2025-06-24T23:02:52.576369
HD,2025-05-29T22:02:52.571160,298.54,307.59,295.53,301.56,3885529,2025-06-24T23:02:52.576379
HD,2025-06-01T18:02:52.571160,293.6,302.49,290.63,296.56,9918168,2025-06-24T23:02:52.576388
HD,2025-06-16T21:02:52.571160,316.56,326.15,313.36,319.76,9196426,2025-06-24T23:02:52.576397
HD,2025-06-22T10:02:52.571160,293.18,302.07,290.22,296.14,7443421,2025-06-24T23:02:52.576410
HD,2025-05-29T08:02:52.571160,312.03,321.48,308.88,315.18,9251355,2025-06-24T23:02:52.576419
HD,2025-06-20T13:02:52.571160,300.78,309.9,297.74,303.82,5924317,2025-06-24T23:02:52.576427
HD,2025-06-21T12:02:52.571160,298.28,307.32,295.27,301.29,3020420,2025-06-24T23:02:52.576439
MA,2025-06-02T02:02:52.571160,374.58,385.94,370.8,378.37,1979029,2025-06-24T23:02:52.576449
MA,2025-06-15T17:02:52.571160,353.9,364.63,350.33,357.48,9050289,2025-06-24T23:02:52.576458
MA,2025-06-02T08:02:52.571160,323.8,333.61,320.53,327.07,7453317,2025-06-24T23:02:52.576466
MA,2025-05-30T00:02:52.571160,350.53,361.15,346.99,354.07,8850514,2025-06-24T23:02:52.576475
MA,2025-06-23T11:02:52.571160,312.83,322.31,309.67,315.99,6672371,2025-06-24T23:02:52.576483
MA,2025-06-02T01:02:52.571160,357.41,368.24,353.8,361.02,5188920,2025-06-24T23:02:52.576492
MA,2025-06-12T23:02:52.571160,357.81,368.65,354.2,361.42,6559644,2025-06-24T23:02:52.576500
MA,2025-05-30T11:02:52.571160,371.4,382.66,367.65,375.15,6326412,2025-06-24T23:02:52.576509
MA,2025-05-31T13:02:52.571160,358.22,369.07,354.6,361.83,4146061,2025-06-24T23:02:52.576518
MA,2025-06-09T03:02:52.571160,341.2,351.54,337.76,344.65,3713450,2025-06-24T23:02:52.576528
MA,2025-06-02T05:02:52.571160,378.28,389.74,374.46,382.1,8477893,2025-06-24T23:02:52.576537
MA,2025-06-08T06:02:52.571160,372.67,383.97,368.91,376.44,2722359,2025-06-24T23:02:52.576548
MA,2025-06-18T00:02:52.571160,315.92,325.49,312.73,319.11,1717836,2025-06-24T23:02:52.576556
MA,2025-06-17T12:02:52.571160,322.34,332.11,319.09,325.6,2519923,2025-06-24T23:02:52.576566
MA,2025-06-09T15:02:52.571160,328.44,338.39,325.12,331.75,7397407,2025-06-24T23:02:52.576574
MA,2025-06-05T09:02:52.571160,316.2,325.78,313.01,319.4,8664010,2025-06-24T23:02:52.576583
MA,2025-06-03T14:02:52.571160,380.64,392.18,376.8,384.49,6023922,2025-06-24T23:02:52.576592
MA,2025-06-14T06:02:52.571160,327.01,336.91,323.7,330.31,8790676,2025-06-24T23:02:52.576601
MA,2025-06-20T23:02:52.571160,319.83,329.52,316.6,323.06,4133084,2025-06-24T23:02:52.576611
MA,2025-06-05T04:02:52.571160,376.59,388.0,372.79,380.4,6478433,2025-06-24T23:02:52.576620
DIS,2025-06-05T11:02:52.571160,185.16,190.77,183.29,187.03,6902399,2025-06-24T23:02:52.576629
DIS,2025-06-01T07:02:52.571160,163.91,168.88,162.26,165.57,3487576,2025-06-24T23:02:52.576639
DIS,2025-06-05T06:02:52.571160,187.84,193.53,185.94,189.74,8261590,2025-06-24T23:02:52.576650
DIS,2025-06-16T20:02:52.571160,175.99,181.33,174.21,177.77,3894525,2025-06-24T23:02:52.576659
DIS,2025-06-06T04:02:52.571160,177.25,182.62,175.46,179.04,6032880,2025-06-24T23:02:52.576667
DIS,2025-06-21T02:02:52.571160,163.89,168.86,162.24,165.55,5685783,2025-06-24T23:02:52.576676
DIS,2025-06-13T23:02:52.571160,179.3,184.74,177.49,181.11,6027541,2025-06-24T23:02:52.576684
DIS,2025-06-15T12:02:52.571160,187.29,192.97,185.4,189.18,8828041,2025-06-24T23:02:52.576692
DIS,2025-06-05T00:02:52.571160,192.37,198.2,190.43,194.32,6875975,2025-06-24T23:02:52.576701
DIS,2025-06-16T11:02:52.571160,178.33,183.73,176.53,180.13,8805892,2025-06-24T23:02:52.576727
DIS,2025-06-15T14:02:52.571160,171.48,176.68,169.75,173.21,7808188,2025-06-24T23:02:52.576743
DIS,2025-06-15T09:02:52.571160,186.54,192.19,184.66,188.42,1209002,2025-06-24T23:02:52.576753
DIS,2025-06-04T22:02:52.571160,196.01,201.95,194.03,197.99,7384969,2025-06-24T23:02:52.576762
DIS,2025-06-20T10:02:52.571160,168.67,173.78,166.96,170.37,4900335,2025-06-24T23:02:52.576771
DIS,2025-06-02T08:02:52.571160,194.88,200.79,192.91,196.85,9251979,2025-06-24T23:02:52.576779
DIS,2025-06-15T10:02:52.571160,173.02,178.26,171.27,174.77,1320144,2025-06-24T23:02:52.576788
DIS,2025-05-27T08:02:52.571160,162.62,167.54,160.97,164.26,2626428,2025-06-24T23:02:52.576800
DIS,2025-06-14T04:02:52.571160,184.64,190.23,182.77,186.5,3666516,2025-06-24T23:02:52.576809
DIS,2025-06-20T00:02:52.571160,169.01,174.13,167.3,170.71,8971320,2025-06-24T23:02:52.576819
DIS,2025-06-03T06:02:52.571160,173.24,178.49,171.49,174.99,8447850,2025-06-24T23:02:52.576828
PYPL,2025-05-30T15:02:52.571160,261.29,269.2,258.65,263.92,2115533,2025-06-24T23:02:52.576837
PYPL,2025-05-30T23:02:52.571160,252.2,259.85,249.66,254.75,9442788,2025-06-24T23:02:52.576846
PYPL,2025-06-06T14:02:52.571160,264.77,272.8,262.1,267.45,5544265,2025-06-24T23:02:52.576855
PYPL,2025-05-26T01:02:52.571160,266.61,274.68,263.91,269.3,3101664,2025-06-24T23:02:52.576863
PYPL,2025-06-04T03:02:52.571160,249.52,257.09,247.0,252.05,2667198,2025-06-24T23:02:52.576872
PYPL,2025-06-08T01:02:52.571160,268.37,276.5,265.66,271.08,9686734,2025-06-24T23:02:52.576880
PYPL,2025-06-17T22:02:52.571160,238.47,245.7,236.07,240.88,1944367,2025-06-24T23:02:52.576889
PYPL,2025-06-05T15:02:52.571160,267.27,275.37,264.57,269.97,5583152,2025-06-24T23:02:52.576899
PYPL,2025-06-04T13:02:52.571160,238.85,246.08,236.43,241.26,3572628,2025-06-24T23:02:52.576908
PYPL,2025-06-22T07:02:52.571160,239.68,246.94,237.25,242.1,3662299,2025-06-24T23:02:52.576917
PYPL,2025-06-20T10:02:52.571160,254.49,262.2,251.92,257.06,2617337,2025-06-24T23:02:52.576925
PYPL,2025-06-01T21:02:52.571160,225.9,232.74,223.62,228.18,9875300,2025-06-24T23:02:52.576934
PYPL,2025-06-01T12:02:52.571160,258.39,266.22,255.78,261.0,7965224,2025-06-24T23:02:52.576942
PYPL,2025-06-09T08:02:52.571160,231.64,238.66,229.3,233.98,5335426,2025-06-24T23:02:52.576951
PYPL,2025-06-02T23:02:52.571160,230.7,237.7,228.37,233.03,3407990,2025-06-24T23:02:52.576959
PYPL,2025-06-19T20:02:52.571160,231.8,238.82,229.45,234.14,5627838,2025-06-24T23:02:52.576969
PYPL,2025-06-18T09:02:52.571160,256.55,264.33,253.96,259.14,1280181,2025-06-24T23:02:52.576996
PYPL,2025-06-23T09:02:52.571160,222.89,229.65,220.64,225.15,2055968,2025-06-24T23:02:52.577007
PYPL,2025-06-12T02:02:52.571160,265.52,273.57,262.84,268.21,5885392,2025-06-24T23:02:52.577015
PYPL,2025-06-17T10:02:52.571160,250.04,257.62,247.51,252.56,6484507,2025-06-24T23:02:52.577023
BAC,2025-05-29T01:02:52.571160,39.15,40.33,38.75,39.54,8037868,2025-06-24T23:02:52.577032
BAC,2025-06-02T22:02:52.571160,39.06,40.25,38.67,39.46,4830270,2025-06-24T23:02:52.577041
BAC,2025-06-01T04:02:52.571160,35.69,36.77,35.33,36.05,7179138,2025-06-24T23:02:52.577056
BAC,2025-06-16T12:02:52.571160,42.2,43.48,41.78,42.63,1616006,2025-06-24T23:02:52.577065
BAC,2025-06-15T09:02:52.571160,37.37,38.5,36.99,37.74,5119201,2025-06-24T23:02:52.577074
BAC,2025-06-13T11:02:52.571160,36.69,37.8,36.32,37.06,7572943,2025-06-24T23:02:52.577084
BAC,2025-06-11T18:02:52.571160,41.65,42.91,41.23,42.07,8506085,2025-06-24T23:02:52.577093
BAC,2025-06-20T20:02:52.571160,39.18,40.37,38.79,39.58,9075730,2025-06-24T23:02:52.577101
BAC,2025-06-09T16:02:52.571160,36.12,37.22,35.76,36.49,6900341,2025-06-24T23:02:52.577109
BAC,2025-06-24T06:02:52.571160,43.38,44.7,42.94,43.82,4107760,2025-06-24T23:02:52.577118
BAC,2025-06-12T19:02:52.571160,37.61,38.75,37.23,37.99,9472117,2025-06-24T23:02:52.577126
BAC,2025-06-19T06:02:52.571160,37.2,38.33,36.82,37.57,3903923,2025-06-24T23:02:52.577135
BAC,2025-06-22T03:02:52.571160,42.05,43.32,41.62,42.47,6759126,2025-06-24T23:02:52.577145
BAC,2025-06-18T23:02:52.571160,37.57,38.71,37.19,37.95,1504870,2025-06-24T23:02:52.577159
BAC,2025-06-09T02:02:52.571160,41.8,43.06,41.38,42.22,5464218,2025-06-24T23:02:52.577168
BAC,2025-06-23T22:02:52.571160,42.73,44.03,42.3,43.16,4324462,2025-06-24T23:02:52.577176
BAC,2025-06-22T02:02:52.571160,38.03,39.18,37.64,38.41,4062628,2025-06-24T23:02:52.577185
BAC,2025-06-05T19:02:52.571160,43.55,44.87,43.11,43.99,2437661,2025-06-24T23:02:52.577195
BAC,2025-06-09T06:02:52.571160,37.34,38.47,36.96,37.71,5450814,2025-06-24T23:02:52.577204
BAC,2025-06-10T17:02:52.571160,38.16,39.31,37.77,38.54,1705360,2025-06-24T23:02:52.577212
AAPL,2025-06-25 19:59:00,201.6700,201.7400,201.6500,201.7100,1148,2025-06-26T18:20:28.851284
GOOGL,2025-06-25 19:59:00,171.2000,171.3000,171.2000,171.2000,1298,2025-06-26T18:20:36.318489
MSFT,2025-06-25 19:59:00,492.8000,493.0000,492.3612,492.5100,172,2025-06-26T18:20:40.399888
AMZN,2025-06-25 19:59:00,212.1800,212.2000,212.1600,212.1991,4609,2025-06-26T18:20:50.362042
TSLA,2025-06-25 19:59:00,326.4986,326.5000,326.2500,326.3999,10920,2025-06-26T18:20:58.325737
META,2025-06-25 19:59:00,709.0000,709.3000,708.8000,708.9000,207,2025-06-26T18:21:03.602323
NVDA,2025-06-25 19:59:00,154.5740,154.6498,154.5700,154.6000,19808,2025-06-26T18:21:12.849570
NFLX,2025-06-25 19:59:00,1278.0000,1278.0000,1276.8300,1278.0000,20,2025-06-26T18:21:15.697320
JPM,2025-06-25 19:59:00,284.1800,284.1800,283.5000,283.7900,6,2025-06-26T18:21:20.830742
JNJ,2025-06-25 19:52:00,152.2400,152.2400,152.2400,152.2400,17,2025-06-26T18:21:23.873980
V,2025-06-25 19:59:00,345.8000,345.8000,345.8000,345.8000,2,2025-06-26T18:21:30.706048
PG,2025-06-25 19:59:00,159.2300,159.2300,159.2300,159.2300,1,2025-06-26T18:21:34.738213
UNH,2025-06-25 19:59:00,302.0000,302.0000,301.9200,301.9200,20,2025-06-26T18:21:42.466019
PYPL,2025-06-25 19:56:00,73.1500,73.1500,73.1500,73.1500,30,2025-06-26T18:22:15.768988
BAC,2025-06-25 19:56:00,46.8160,46.8160,46.8100,46.8100,7,2025-06-26T18:22:20.974084
